,module name,input shape,output shape,params,memory(MB),MAdd,Flops,MemRead(B),MemWrite(B),duration[%],MemR+W(B)
0,mobilevit_blocks.0.local_rep.conv0.conv,  1  96  96  96,  1  96  96  96,28.0,3.38,23887872.0,0.0,0.0,0.0,1.31%,0.0
1,mobilevit_blocks.0.local_rep.conv0.adn.A,  1  96  96  96,  1  96  96  96,0.0,3.38,0.0,"884,736.0",3538944.0,3538944.0,0.07%,7077888.0
2,mobilevit_blocks.0.local_rep.conv0.adn.D,  1  96  96  96,  1  96  96  96,0.0,3.38,0.0,0.0,0.0,0.0,0.00%,0.0
3,mobilevit_blocks.0.local_rep.conv0.adn.N,  1  96  96  96,  1  96  96  96,0.0,3.38,1769472.0,0.0,0.0,0.0,0.17%,0.0
4,mobilevit_blocks.0.local_rep.conv1.conv,  1  96  96  96,  1  96  96  96,28.0,3.38,23887872.0,0.0,0.0,0.0,1.40%,0.0
5,mobilevit_blocks.0.local_rep.conv1.adn.A,  1  96  96  96,  1  96  96  96,0.0,3.38,0.0,"884,736.0",3538944.0,3538944.0,0.11%,7077888.0
6,mobilevit_blocks.0.local_rep.conv1.adn.D,  1  96  96  96,  1  96  96  96,0.0,3.38,0.0,0.0,0.0,0.0,0.00%,0.0
7,mobilevit_blocks.0.local_rep.conv1.adn.N,  1  96  96  96,  1  96  96  96,0.0,3.38,1769472.0,0.0,0.0,0.0,0.15%,0.0
8,mobilevit_blocks.0.local_rep.conv2.conv,  1  96  96  96,  1  96  96  96,28.0,3.38,23887872.0,0.0,0.0,0.0,1.04%,0.0
9,mobilevit_blocks.0.local_rep.conv2.adn.A,  1  96  96  96,  1  96  96  96,0.0,3.38,0.0,"884,736.0",3538944.0,3538944.0,0.09%,7077888.0
10,mobilevit_blocks.0.local_rep.conv2.adn.D,  1  96  96  96,  1  96  96  96,0.0,3.38,0.0,0.0,0.0,0.0,0.00%,0.0
11,mobilevit_blocks.0.local_rep.conv2.adn.N,  1  96  96  96,  1  96  96  96,0.0,3.38,1769472.0,0.0,0.0,0.0,0.22%,0.0
12,mobilevit_blocks.0.local_rep.conv3.conv,  1  96  96  96,  1  96  96  96,28.0,3.38,23887872.0,0.0,0.0,0.0,1.27%,0.0
13,mobilevit_blocks.0.local_rep.conv3.adn.A,  1  96  96  96,  1  96  96  96,0.0,3.38,0.0,"884,736.0",3538944.0,3538944.0,0.12%,7077888.0
14,mobilevit_blocks.0.local_rep.conv3.adn.D,  1  96  96  96,  1  96  96  96,0.0,3.38,0.0,0.0,0.0,0.0,0.00%,0.0
15,mobilevit_blocks.0.local_rep.conv3.adn.N,  1  96  96  96,  1  96  96  96,0.0,3.38,1769472.0,0.0,0.0,0.0,0.18%,0.0
16,mobilevit_blocks.0.local_rep.conv4.conv,  1  96  96  96,  1  96  96  96,28.0,3.38,23887872.0,0.0,0.0,0.0,1.33%,0.0
17,mobilevit_blocks.0.local_rep.conv4.adn.A,  1  96  96  96,  1  96  96  96,0.0,3.38,0.0,"884,736.0",3538944.0,3538944.0,0.12%,7077888.0
18,mobilevit_blocks.0.local_rep.conv4.adn.D,  1  96  96  96,  1  96  96  96,0.0,3.38,0.0,0.0,0.0,0.0,0.00%,0.0
19,mobilevit_blocks.0.local_rep.conv4.adn.N,  1  96  96  96,  1  96  96  96,0.0,3.38,1769472.0,0.0,0.0,0.0,0.16%,0.0
20,mobilevit_blocks.0.local_rep.conv5.conv,  1  96  96  96,  1  96  96  96,28.0,3.38,23887872.0,0.0,0.0,0.0,1.35%,0.0
21,mobilevit_blocks.0.local_rep.conv5.adn.A,  1  96  96  96,  1  96  96  96,0.0,3.38,0.0,"884,736.0",3538944.0,3538944.0,0.07%,7077888.0
22,mobilevit_blocks.0.local_rep.conv5.adn.D,  1  96  96  96,  1  96  96  96,0.0,3.38,0.0,0.0,0.0,0.0,0.00%,0.0
23,mobilevit_blocks.0.local_rep.conv5.adn.N,  1  96  96  96,  1  96  96  96,0.0,3.38,1769472.0,0.0,0.0,0.0,0.23%,0.0
24,mobilevit_blocks.0.local_rep.conv6.conv,  1  96  96  96,  1  96  96  96,28.0,3.38,23887872.0,0.0,0.0,0.0,1.33%,0.0
25,mobilevit_blocks.0.local_rep.conv6.adn.A,  1  96  96  96,  1  96  96  96,0.0,3.38,0.0,"884,736.0",3538944.0,3538944.0,0.07%,7077888.0
26,mobilevit_blocks.0.local_rep.conv6.adn.D,  1  96  96  96,  1  96  96  96,0.0,3.38,0.0,0.0,0.0,0.0,0.00%,0.0
27,mobilevit_blocks.0.local_rep.conv6.adn.N,  1  96  96  96,  1  96  96  96,0.0,3.38,1769472.0,0.0,0.0,0.0,0.20%,0.0
28,mobilevit_blocks.0.local_rep.conv7.conv,  1  96  96  96,  1  96  96  96,28.0,3.38,23887872.0,0.0,0.0,0.0,1.31%,0.0
29,mobilevit_blocks.0.local_rep.conv7.adn.A,  1  96  96  96,  1  96  96  96,0.0,3.38,0.0,"884,736.0",3538944.0,3538944.0,0.09%,7077888.0
30,mobilevit_blocks.0.local_rep.conv7.adn.D,  1  96  96  96,  1  96  96  96,0.0,3.38,0.0,0.0,0.0,0.0,0.00%,0.0
31,mobilevit_blocks.0.local_rep.conv7.adn.N,  1  96  96  96,  1  96  96  96,0.0,3.38,1769472.0,0.0,0.0,0.0,0.18%,0.0
32,mobilevit_blocks.0.local_rep.conv8.conv,  1  96  96  96, 48  96  96  96,96.0,162.00,42467328.0,0.0,0.0,0.0,1.26%,0.0
33,mobilevit_blocks.0.local_rep.conv8.adn.A, 48  96  96  96, 48  96  96  96,0.0,162.00,0.0,"42,467,328.0",169869312.0,169869312.0,2.63%,339738624.0
34,mobilevit_blocks.0.local_rep.conv8.adn.D, 48  96  96  96, 48  96  96  96,0.0,162.00,0.0,0.0,0.0,0.0,0.00%,0.0
35,mobilevit_blocks.0.local_rep.conv8.adn.N, 48  96  96  96, 48  96  96  96,0.0,162.00,84934656.0,0.0,0.0,0.0,1.88%,0.0
36,mobilevit_blocks.0.conv_proj.conv, 48  96  96  96,  1  96  96  96,49.0,3.38,42467328.0,0.0,0.0,0.0,3.50%,0.0
37,mobilevit_blocks.0.conv_proj.adn.A,  1  96  96  96,  1  96  96  96,0.0,3.38,0.0,"884,736.0",3538944.0,3538944.0,0.09%,7077888.0
38,mobilevit_blocks.0.conv_proj.adn.D,  1  96  96  96,  1  96  96  96,0.0,3.38,0.0,0.0,0.0,0.0,0.00%,0.0
39,mobilevit_blocks.0.conv_proj.adn.N,  1  96  96  96,  1  96  96  96,0.0,3.38,1769472.0,0.0,0.0,0.0,0.23%,0.0
40,mobilevit_blocks.0.fusion_layer.conv,  2  96  96  96, 16  96  96  96,880.0,54.00,764411904.0,0.0,0.0,0.0,3.41%,0.0
41,mobilevit_blocks.0.fusion_layer.adn.A, 16  96  96  96, 16  96  96  96,0.0,54.00,0.0,"14,155,776.0",56623104.0,56623104.0,1.40%,113246208.0
42,mobilevit_blocks.0.fusion_layer.adn.D, 16  96  96  96, 16  96  96  96,0.0,54.00,0.0,0.0,0.0,0.0,0.00%,0.0
43,mobilevit_blocks.0.fusion_layer.adn.N, 16  96  96  96, 16  96  96  96,0.0,54.00,28311552.0,0.0,0.0,0.0,0.85%,0.0
44,mobilevit_blocks.0.transformers.0.mlp.linear1,216  48,216 192,9408.0,0.16,95551488.0,"2,239,488.0",3796992.0,7962624.0,0.07%,11759616.0
45,mobilevit_blocks.0.transformers.0.mlp.linear2,216 192,216  48,9264.0,0.04,95551488.0,"2,239,488.0",9741312.0,1990656.0,0.07%,11731968.0
46,mobilevit_blocks.0.transformers.0.mlp.fn,216 192,216 192,0.0,0.16,0.0,0.0,0.0,0.0,0.05%,0.0
47,mobilevit_blocks.0.transformers.0.mlp.drop1,216 192,216 192,0.0,0.16,0.0,0.0,0.0,0.0,0.00%,0.0
48,mobilevit_blocks.0.transformers.0.mlp.drop2,216  48,216  48,0.0,0.04,0.0,0.0,0.0,0.0,0.00%,0.0
49,mobilevit_blocks.0.transformers.0.norm1,216  48,216  48,96.0,0.04,1990656.0,0.0,0.0,0.0,0.07%,0.0
50,mobilevit_blocks.0.transformers.0.attn.out_proj,216  48,216  48,2352.0,0.04,23887872.0,"2,239,488.0",2442240.0,1990656.0,0.04%,4432896.0
51,mobilevit_blocks.0.transformers.0.attn.qkv,216  48,216 144,6912.0,0.12,71663616.0,"2,239,488.0",3317760.0,5971968.0,0.04%,9289728.0
52,mobilevit_blocks.0.transformers.0.attn.drop_output,216  48,216  48,0.0,0.04,0.0,0.0,0.0,0.0,0.00%,0.0
53,mobilevit_blocks.0.transformers.0.attn.drop_weights, 12 216 216, 12 216 216,0.0,2.14,0.0,0.0,0.0,0.0,0.00%,0.0
54,mobilevit_blocks.0.transformers.0.norm2,216  48,216  48,96.0,0.04,1990656.0,0.0,0.0,0.0,0.07%,0.0
55,mobilevit_blocks.0.transformers.1.mlp.linear1,216  48,216 192,9408.0,0.16,95551488.0,"2,239,488.0",3796992.0,7962624.0,0.09%,11759616.0
56,mobilevit_blocks.0.transformers.1.mlp.linear2,216 192,216  48,9264.0,0.04,95551488.0,"2,239,488.0",9741312.0,1990656.0,0.04%,11731968.0
57,mobilevit_blocks.0.transformers.1.mlp.fn,216 192,216 192,0.0,0.16,0.0,0.0,0.0,0.0,0.05%,0.0
58,mobilevit_blocks.0.transformers.1.mlp.drop1,216 192,216 192,0.0,0.16,0.0,0.0,0.0,0.0,0.00%,0.0
59,mobilevit_blocks.0.transformers.1.mlp.drop2,216  48,216  48,0.0,0.04,0.0,0.0,0.0,0.0,0.00%,0.0
60,mobilevit_blocks.0.transformers.1.norm1,216  48,216  48,96.0,0.04,1990656.0,0.0,0.0,0.0,0.04%,0.0
61,mobilevit_blocks.0.transformers.1.attn.out_proj,216  48,216  48,2352.0,0.04,23887872.0,"2,239,488.0",2442240.0,1990656.0,0.04%,4432896.0
62,mobilevit_blocks.0.transformers.1.attn.qkv,216  48,216 144,6912.0,0.12,71663616.0,"2,239,488.0",3317760.0,5971968.0,0.06%,9289728.0
63,mobilevit_blocks.0.transformers.1.attn.drop_output,216  48,216  48,0.0,0.04,0.0,0.0,0.0,0.0,0.00%,0.0
64,mobilevit_blocks.0.transformers.1.attn.drop_weights, 12 216 216, 12 216 216,0.0,2.14,0.0,0.0,0.0,0.0,0.00%,0.0
65,mobilevit_blocks.0.transformers.1.norm2,216  48,216  48,96.0,0.04,1990656.0,0.0,0.0,0.0,0.07%,0.0
66,mobilevit_blocks.0.transformers.2.mlp.linear1,216  48,216 192,9408.0,0.16,95551488.0,"2,239,488.0",3796992.0,7962624.0,0.07%,11759616.0
67,mobilevit_blocks.0.transformers.2.mlp.linear2,216 192,216  48,9264.0,0.04,95551488.0,"2,239,488.0",9741312.0,1990656.0,0.07%,11731968.0
68,mobilevit_blocks.0.transformers.2.mlp.fn,216 192,216 192,0.0,0.16,0.0,0.0,0.0,0.0,0.08%,0.0
69,mobilevit_blocks.0.transformers.2.mlp.drop1,216 192,216 192,0.0,0.16,0.0,0.0,0.0,0.0,0.00%,0.0
70,mobilevit_blocks.0.transformers.2.mlp.drop2,216  48,216  48,0.0,0.04,0.0,0.0,0.0,0.0,0.00%,0.0
71,mobilevit_blocks.0.transformers.2.norm1,216  48,216  48,96.0,0.04,1990656.0,0.0,0.0,0.0,0.07%,0.0
72,mobilevit_blocks.0.transformers.2.attn.out_proj,216  48,216  48,2352.0,0.04,23887872.0,"2,239,488.0",2442240.0,1990656.0,0.04%,4432896.0
73,mobilevit_blocks.0.transformers.2.attn.qkv,216  48,216 144,6912.0,0.12,71663616.0,"2,239,488.0",3317760.0,5971968.0,0.04%,9289728.0
74,mobilevit_blocks.0.transformers.2.attn.drop_output,216  48,216  48,0.0,0.04,0.0,0.0,0.0,0.0,0.00%,0.0
75,mobilevit_blocks.0.transformers.2.attn.drop_weights, 12 216 216, 12 216 216,0.0,2.14,0.0,0.0,0.0,0.0,0.00%,0.0
76,mobilevit_blocks.0.transformers.2.norm2,216  48,216  48,96.0,0.04,1990656.0,0.0,0.0,0.0,0.10%,0.0
77,mobilevit_blocks.0.unfold_proj_layer.0,216  48 4096,216  48  48,196656.0,1.90,2038431744.0,"46,656.0",170655936.0,1990656.0,7.36%,172646592.0
78,mobilevit_blocks.0.unfold_proj_layer.1,216  48  48,216  48  48,0.0,1.90,0.0,"497,664.0",1990656.0,1990656.0,0.04%,3981312.0
79,mobilevit_blocks.0.fold_proj_layer.0,216  48  48,216  48 4096,200704.0,162.00,2038431744.0,"46,656.0",2793472.0,169869312.0,2.25%,172662784.0
80,mobilevit_blocks.0.fold_proj_layer.1,216  48 4096,216  48 4096,0.0,162.00,0.0,"42,467,328.0",169869312.0,169869312.0,4.20%,339738624.0
81,mobilevit_blocks.1.local_rep.conv0.conv, 16  48  48  48, 16  48  48  48,6928.0,6.75,764411904.0,0.0,0.0,0.0,0.43%,0.0
82,mobilevit_blocks.1.local_rep.conv0.adn.A, 16  48  48  48, 16  48  48  48,0.0,6.75,0.0,"1,769,472.0",7077888.0,7077888.0,0.16%,14155776.0
83,mobilevit_blocks.1.local_rep.conv0.adn.D, 16  48  48  48, 16  48  48  48,0.0,6.75,0.0,0.0,0.0,0.0,0.00%,0.0
84,mobilevit_blocks.1.local_rep.conv0.adn.N, 16  48  48  48, 16  48  48  48,0.0,6.75,3538944.0,0.0,0.0,0.0,0.13%,0.0
85,mobilevit_blocks.1.local_rep.conv1.conv, 16  48  48  48, 16  48  48  48,6928.0,6.75,764411904.0,0.0,0.0,0.0,0.49%,0.0
86,mobilevit_blocks.1.local_rep.conv1.adn.A, 16  48  48  48, 16  48  48  48,0.0,6.75,0.0,"1,769,472.0",7077888.0,7077888.0,0.22%,14155776.0
87,mobilevit_blocks.1.local_rep.conv1.adn.D, 16  48  48  48, 16  48  48  48,0.0,6.75,0.0,0.0,0.0,0.0,0.00%,0.0
88,mobilevit_blocks.1.local_rep.conv1.adn.N, 16  48  48  48, 16  48  48  48,0.0,6.75,3538944.0,0.0,0.0,0.0,0.15%,0.0
89,mobilevit_blocks.1.local_rep.conv2.conv, 16  48  48  48, 16  48  48  48,6928.0,6.75,764411904.0,0.0,0.0,0.0,0.51%,0.0
90,mobilevit_blocks.1.local_rep.conv2.adn.A, 16  48  48  48, 16  48  48  48,0.0,6.75,0.0,"1,769,472.0",7077888.0,7077888.0,0.22%,14155776.0
91,mobilevit_blocks.1.local_rep.conv2.adn.D, 16  48  48  48, 16  48  48  48,0.0,6.75,0.0,0.0,0.0,0.0,0.00%,0.0
92,mobilevit_blocks.1.local_rep.conv2.adn.N, 16  48  48  48, 16  48  48  48,0.0,6.75,3538944.0,0.0,0.0,0.0,0.13%,0.0
93,mobilevit_blocks.1.local_rep.conv3.conv, 16  48  48  48, 16  48  48  48,6928.0,6.75,764411904.0,0.0,0.0,0.0,0.49%,0.0
94,mobilevit_blocks.1.local_rep.conv3.adn.A, 16  48  48  48, 16  48  48  48,0.0,6.75,0.0,"1,769,472.0",7077888.0,7077888.0,0.20%,14155776.0
95,mobilevit_blocks.1.local_rep.conv3.adn.D, 16  48  48  48, 16  48  48  48,0.0,6.75,0.0,0.0,0.0,0.0,0.00%,0.0
96,mobilevit_blocks.1.local_rep.conv3.adn.N, 16  48  48  48, 16  48  48  48,0.0,6.75,3538944.0,0.0,0.0,0.0,0.11%,0.0
97,mobilevit_blocks.1.local_rep.conv4.conv, 16  48  48  48, 48  48  48  48,816.0,20.25,84934656.0,0.0,0.0,0.0,0.53%,0.0
98,mobilevit_blocks.1.local_rep.conv4.adn.A, 48  48  48  48, 48  48  48  48,0.0,20.25,0.0,"5,308,416.0",21233664.0,21233664.0,0.61%,42467328.0
99,mobilevit_blocks.1.local_rep.conv4.adn.D, 48  48  48  48, 48  48  48  48,0.0,20.25,0.0,0.0,0.0,0.0,0.00%,0.0
100,mobilevit_blocks.1.local_rep.conv4.adn.N, 48  48  48  48, 48  48  48  48,0.0,20.25,10616832.0,0.0,0.0,0.0,0.27%,0.0
101,mobilevit_blocks.1.conv_proj.conv, 48  48  48  48, 16  48  48  48,784.0,6.75,84934656.0,0.0,0.0,0.0,0.42%,0.0
102,mobilevit_blocks.1.conv_proj.adn.A, 16  48  48  48, 16  48  48  48,0.0,6.75,0.0,"1,769,472.0",7077888.0,7077888.0,0.15%,14155776.0
103,mobilevit_blocks.1.conv_proj.adn.D, 16  48  48  48, 16  48  48  48,0.0,6.75,0.0,0.0,0.0,0.0,0.00%,0.0
104,mobilevit_blocks.1.conv_proj.adn.N, 16  48  48  48, 16  48  48  48,0.0,6.75,3538944.0,0.0,0.0,0.0,0.16%,0.0
105,mobilevit_blocks.1.fusion_layer.conv, 32  48  48  48, 32  48  48  48,27680.0,13.50,3057647616.0,0.0,0.0,0.0,1.41%,0.0
106,mobilevit_blocks.1.fusion_layer.adn.A, 32  48  48  48, 32  48  48  48,0.0,13.50,0.0,"3,538,944.0",14155776.0,14155776.0,0.39%,28311552.0
107,mobilevit_blocks.1.fusion_layer.adn.D, 32  48  48  48, 32  48  48  48,0.0,13.50,0.0,0.0,0.0,0.0,0.00%,0.0
108,mobilevit_blocks.1.fusion_layer.adn.N, 32  48  48  48, 32  48  48  48,0.0,13.50,7077888.0,0.0,0.0,0.0,0.20%,0.0
109,mobilevit_blocks.1.transformers.0.mlp.linear1,216  48,216 192,9408.0,0.16,95551488.0,"2,239,488.0",3796992.0,7962624.0,0.09%,11759616.0
110,mobilevit_blocks.1.transformers.0.mlp.linear2,216 192,216  48,9264.0,0.04,95551488.0,"2,239,488.0",9741312.0,1990656.0,0.08%,11731968.0
111,mobilevit_blocks.1.transformers.0.mlp.fn,216 192,216 192,0.0,0.16,0.0,0.0,0.0,0.0,0.07%,0.0
112,mobilevit_blocks.1.transformers.0.mlp.drop1,216 192,216 192,0.0,0.16,0.0,0.0,0.0,0.0,0.00%,0.0
113,mobilevit_blocks.1.transformers.0.mlp.drop2,216  48,216  48,0.0,0.04,0.0,0.0,0.0,0.0,0.00%,0.0
114,mobilevit_blocks.1.transformers.0.norm1,216  48,216  48,96.0,0.04,1990656.0,0.0,0.0,0.0,0.16%,0.0
115,mobilevit_blocks.1.transformers.0.attn.out_proj,216  48,216  48,2352.0,0.04,23887872.0,"2,239,488.0",2442240.0,1990656.0,0.06%,4432896.0
116,mobilevit_blocks.1.transformers.0.attn.qkv,216  48,216 144,6912.0,0.12,71663616.0,"2,239,488.0",3317760.0,5971968.0,0.05%,9289728.0
117,mobilevit_blocks.1.transformers.0.attn.drop_output,216  48,216  48,0.0,0.04,0.0,0.0,0.0,0.0,0.00%,0.0
118,mobilevit_blocks.1.transformers.0.attn.drop_weights, 12 216 216, 12 216 216,0.0,2.14,0.0,0.0,0.0,0.0,0.00%,0.0
119,mobilevit_blocks.1.transformers.0.norm2,216  48,216  48,96.0,0.04,1990656.0,0.0,0.0,0.0,0.07%,0.0
120,mobilevit_blocks.1.transformers.1.mlp.linear1,216  48,216 192,9408.0,0.16,95551488.0,"2,239,488.0",3796992.0,7962624.0,0.12%,11759616.0
121,mobilevit_blocks.1.transformers.1.mlp.linear2,216 192,216  48,9264.0,0.04,95551488.0,"2,239,488.0",9741312.0,1990656.0,0.09%,11731968.0
122,mobilevit_blocks.1.transformers.1.mlp.fn,216 192,216 192,0.0,0.16,0.0,0.0,0.0,0.0,0.09%,0.0
123,mobilevit_blocks.1.transformers.1.mlp.drop1,216 192,216 192,0.0,0.16,0.0,0.0,0.0,0.0,0.00%,0.0
124,mobilevit_blocks.1.transformers.1.mlp.drop2,216  48,216  48,0.0,0.04,0.0,0.0,0.0,0.0,0.00%,0.0
125,mobilevit_blocks.1.transformers.1.norm1,216  48,216  48,96.0,0.04,1990656.0,0.0,0.0,0.0,0.07%,0.0
126,mobilevit_blocks.1.transformers.1.attn.out_proj,216  48,216  48,2352.0,0.04,23887872.0,"2,239,488.0",2442240.0,1990656.0,0.04%,4432896.0
127,mobilevit_blocks.1.transformers.1.attn.qkv,216  48,216 144,6912.0,0.12,71663616.0,"2,239,488.0",3317760.0,5971968.0,0.08%,9289728.0
128,mobilevit_blocks.1.transformers.1.attn.drop_output,216  48,216  48,0.0,0.04,0.0,0.0,0.0,0.0,0.00%,0.0
129,mobilevit_blocks.1.transformers.1.attn.drop_weights, 12 216 216, 12 216 216,0.0,2.14,0.0,0.0,0.0,0.0,0.00%,0.0
130,mobilevit_blocks.1.transformers.1.norm2,216  48,216  48,96.0,0.04,1990656.0,0.0,0.0,0.0,0.08%,0.0
131,mobilevit_blocks.1.transformers.2.mlp.linear1,216  48,216 192,9408.0,0.16,95551488.0,"2,239,488.0",3796992.0,7962624.0,0.10%,11759616.0
132,mobilevit_blocks.1.transformers.2.mlp.linear2,216 192,216  48,9264.0,0.04,95551488.0,"2,239,488.0",9741312.0,1990656.0,0.07%,11731968.0
133,mobilevit_blocks.1.transformers.2.mlp.fn,216 192,216 192,0.0,0.16,0.0,0.0,0.0,0.0,0.07%,0.0
134,mobilevit_blocks.1.transformers.2.mlp.drop1,216 192,216 192,0.0,0.16,0.0,0.0,0.0,0.0,0.00%,0.0
135,mobilevit_blocks.1.transformers.2.mlp.drop2,216  48,216  48,0.0,0.04,0.0,0.0,0.0,0.0,0.00%,0.0
136,mobilevit_blocks.1.transformers.2.norm1,216  48,216  48,96.0,0.04,1990656.0,0.0,0.0,0.0,0.07%,0.0
137,mobilevit_blocks.1.transformers.2.attn.out_proj,216  48,216  48,2352.0,0.04,23887872.0,"2,239,488.0",2442240.0,1990656.0,0.04%,4432896.0
138,mobilevit_blocks.1.transformers.2.attn.qkv,216  48,216 144,6912.0,0.12,71663616.0,"2,239,488.0",3317760.0,5971968.0,0.08%,9289728.0
139,mobilevit_blocks.1.transformers.2.attn.drop_output,216  48,216  48,0.0,0.04,0.0,0.0,0.0,0.0,0.00%,0.0
140,mobilevit_blocks.1.transformers.2.attn.drop_weights, 12 216 216, 12 216 216,0.0,2.14,0.0,0.0,0.0,0.0,0.00%,0.0
141,mobilevit_blocks.1.transformers.2.norm2,216  48,216  48,96.0,0.04,1990656.0,0.0,0.0,0.0,0.09%,0.0
142,mobilevit_blocks.1.unfold_proj_layer.0,216  48 512,216  48  48,24624.0,1.90,254803968.0,"46,656.0",21332160.0,1990656.0,0.37%,23322816.0
143,mobilevit_blocks.1.unfold_proj_layer.1,216  48  48,216  48  48,0.0,1.90,0.0,"497,664.0",1990656.0,1990656.0,0.06%,3981312.0
144,mobilevit_blocks.1.fold_proj_layer.0,216  48  48,216  48 512,25088.0,20.25,254803968.0,"46,656.0",2091008.0,21233664.0,0.23%,23324672.0
145,mobilevit_blocks.1.fold_proj_layer.1,216  48 512,216  48 512,0.0,20.25,0.0,"5,308,416.0",21233664.0,21233664.0,0.60%,42467328.0
146,mobilevit_blocks.2.local_rep.conv0.conv, 32  24  24  24, 32  24  24  24,27680.0,1.69,382205952.0,0.0,0.0,0.0,0.84%,0.0
147,mobilevit_blocks.2.local_rep.conv0.adn.A, 32  24  24  24, 32  24  24  24,0.0,1.69,0.0,"442,368.0",1769472.0,1769472.0,0.07%,3538944.0
148,mobilevit_blocks.2.local_rep.conv0.adn.D, 32  24  24  24, 32  24  24  24,0.0,1.69,0.0,0.0,0.0,0.0,0.00%,0.0
149,mobilevit_blocks.2.local_rep.conv0.adn.N, 32  24  24  24, 32  24  24  24,0.0,1.69,884736.0,0.0,0.0,0.0,0.02%,0.0
150,mobilevit_blocks.2.local_rep.conv1.conv, 32  24  24  24, 32  24  24  24,27680.0,1.69,382205952.0,0.0,0.0,0.0,0.79%,0.0
151,mobilevit_blocks.2.local_rep.conv1.adn.A, 32  24  24  24, 32  24  24  24,0.0,1.69,0.0,"442,368.0",1769472.0,1769472.0,0.19%,3538944.0
152,mobilevit_blocks.2.local_rep.conv1.adn.D, 32  24  24  24, 32  24  24  24,0.0,1.69,0.0,0.0,0.0,0.0,0.00%,0.0
153,mobilevit_blocks.2.local_rep.conv1.adn.N, 32  24  24  24, 32  24  24  24,0.0,1.69,884736.0,0.0,0.0,0.0,0.04%,0.0
154,mobilevit_blocks.2.local_rep.conv2.conv, 32  24  24  24, 48  24  24  24,1584.0,2.53,21233664.0,0.0,0.0,0.0,0.04%,0.0
155,mobilevit_blocks.2.local_rep.conv2.adn.A, 48  24  24  24, 48  24  24  24,0.0,2.53,0.0,"663,552.0",2654208.0,2654208.0,0.07%,5308416.0
156,mobilevit_blocks.2.local_rep.conv2.adn.D, 48  24  24  24, 48  24  24  24,0.0,2.53,0.0,0.0,0.0,0.0,0.00%,0.0
157,mobilevit_blocks.2.local_rep.conv2.adn.N, 48  24  24  24, 48  24  24  24,0.0,2.53,1327104.0,0.0,0.0,0.0,0.07%,0.0
158,mobilevit_blocks.2.conv_proj.conv, 48  24  24  24, 32  24  24  24,1568.0,1.69,21233664.0,0.0,0.0,0.0,0.07%,0.0
159,mobilevit_blocks.2.conv_proj.adn.A, 32  24  24  24, 32  24  24  24,0.0,1.69,0.0,"442,368.0",1769472.0,1769472.0,0.06%,3538944.0
160,mobilevit_blocks.2.conv_proj.adn.D, 32  24  24  24, 32  24  24  24,0.0,1.69,0.0,0.0,0.0,0.0,0.00%,0.0
161,mobilevit_blocks.2.conv_proj.adn.N, 32  24  24  24, 32  24  24  24,0.0,1.69,884736.0,0.0,0.0,0.0,0.03%,0.0
162,mobilevit_blocks.2.fusion_layer.conv, 64  24  24  24, 64  24  24  24,110656.0,3.38,1528823808.0,0.0,0.0,0.0,0.64%,0.0
163,mobilevit_blocks.2.fusion_layer.adn.A, 64  24  24  24, 64  24  24  24,0.0,3.38,0.0,"884,736.0",3538944.0,3538944.0,0.09%,7077888.0
164,mobilevit_blocks.2.fusion_layer.adn.D, 64  24  24  24, 64  24  24  24,0.0,3.38,0.0,0.0,0.0,0.0,0.00%,0.0
165,mobilevit_blocks.2.fusion_layer.adn.N, 64  24  24  24, 64  24  24  24,0.0,3.38,1769472.0,0.0,0.0,0.0,0.08%,0.0
166,mobilevit_blocks.2.transformers.0.mlp.linear1,216  48,216 192,9408.0,0.16,95551488.0,"2,239,488.0",3796992.0,7962624.0,0.08%,11759616.0
167,mobilevit_blocks.2.transformers.0.mlp.linear2,216 192,216  48,9264.0,0.04,95551488.0,"2,239,488.0",9741312.0,1990656.0,0.06%,11731968.0
168,mobilevit_blocks.2.transformers.0.mlp.fn,216 192,216 192,0.0,0.16,0.0,0.0,0.0,0.0,0.07%,0.0
169,mobilevit_blocks.2.transformers.0.mlp.drop1,216 192,216 192,0.0,0.16,0.0,0.0,0.0,0.0,0.00%,0.0
170,mobilevit_blocks.2.transformers.0.mlp.drop2,216  48,216  48,0.0,0.04,0.0,0.0,0.0,0.0,0.00%,0.0
171,mobilevit_blocks.2.transformers.0.norm1,216  48,216  48,96.0,0.04,1990656.0,0.0,0.0,0.0,0.08%,0.0
172,mobilevit_blocks.2.transformers.0.attn.out_proj,216  48,216  48,2352.0,0.04,23887872.0,"2,239,488.0",2442240.0,1990656.0,0.04%,4432896.0
173,mobilevit_blocks.2.transformers.0.attn.qkv,216  48,216 144,6912.0,0.12,71663616.0,"2,239,488.0",3317760.0,5971968.0,0.04%,9289728.0
174,mobilevit_blocks.2.transformers.0.attn.drop_output,216  48,216  48,0.0,0.04,0.0,0.0,0.0,0.0,0.00%,0.0
175,mobilevit_blocks.2.transformers.0.attn.drop_weights, 12 216 216, 12 216 216,0.0,2.14,0.0,0.0,0.0,0.0,0.00%,0.0
176,mobilevit_blocks.2.transformers.0.norm2,216  48,216  48,96.0,0.04,1990656.0,0.0,0.0,0.0,0.07%,0.0
177,mobilevit_blocks.2.transformers.1.mlp.linear1,216  48,216 192,9408.0,0.16,95551488.0,"2,239,488.0",3796992.0,7962624.0,0.13%,11759616.0
178,mobilevit_blocks.2.transformers.1.mlp.linear2,216 192,216  48,9264.0,0.04,95551488.0,"2,239,488.0",9741312.0,1990656.0,0.04%,11731968.0
179,mobilevit_blocks.2.transformers.1.mlp.fn,216 192,216 192,0.0,0.16,0.0,0.0,0.0,0.0,0.07%,0.0
180,mobilevit_blocks.2.transformers.1.mlp.drop1,216 192,216 192,0.0,0.16,0.0,0.0,0.0,0.0,0.00%,0.0
181,mobilevit_blocks.2.transformers.1.mlp.drop2,216  48,216  48,0.0,0.04,0.0,0.0,0.0,0.0,0.00%,0.0
182,mobilevit_blocks.2.transformers.1.norm1,216  48,216  48,96.0,0.04,1990656.0,0.0,0.0,0.0,0.11%,0.0
183,mobilevit_blocks.2.transformers.1.attn.out_proj,216  48,216  48,2352.0,0.04,23887872.0,"2,239,488.0",2442240.0,1990656.0,0.04%,4432896.0
184,mobilevit_blocks.2.transformers.1.attn.qkv,216  48,216 144,6912.0,0.12,71663616.0,"2,239,488.0",3317760.0,5971968.0,0.08%,9289728.0
185,mobilevit_blocks.2.transformers.1.attn.drop_output,216  48,216  48,0.0,0.04,0.0,0.0,0.0,0.0,0.00%,0.0
186,mobilevit_blocks.2.transformers.1.attn.drop_weights, 12 216 216, 12 216 216,0.0,2.14,0.0,0.0,0.0,0.0,0.00%,0.0
187,mobilevit_blocks.2.transformers.1.norm2,216  48,216  48,96.0,0.04,1990656.0,0.0,0.0,0.0,0.07%,0.0
188,mobilevit_blocks.2.transformers.2.mlp.linear1,216  48,216 192,9408.0,0.16,95551488.0,"2,239,488.0",3796992.0,7962624.0,0.07%,11759616.0
189,mobilevit_blocks.2.transformers.2.mlp.linear2,216 192,216  48,9264.0,0.04,95551488.0,"2,239,488.0",9741312.0,1990656.0,0.07%,11731968.0
190,mobilevit_blocks.2.transformers.2.mlp.fn,216 192,216 192,0.0,0.16,0.0,0.0,0.0,0.0,0.06%,0.0
191,mobilevit_blocks.2.transformers.2.mlp.drop1,216 192,216 192,0.0,0.16,0.0,0.0,0.0,0.0,0.00%,0.0
192,mobilevit_blocks.2.transformers.2.mlp.drop2,216  48,216  48,0.0,0.04,0.0,0.0,0.0,0.0,0.00%,0.0
193,mobilevit_blocks.2.transformers.2.norm1,216  48,216  48,96.0,0.04,1990656.0,0.0,0.0,0.0,0.07%,0.0
194,mobilevit_blocks.2.transformers.2.attn.out_proj,216  48,216  48,2352.0,0.04,23887872.0,"2,239,488.0",2442240.0,1990656.0,0.00%,4432896.0
195,mobilevit_blocks.2.transformers.2.attn.qkv,216  48,216 144,6912.0,0.12,71663616.0,"2,239,488.0",3317760.0,5971968.0,0.07%,9289728.0
196,mobilevit_blocks.2.transformers.2.attn.drop_output,216  48,216  48,0.0,0.04,0.0,0.0,0.0,0.0,0.00%,0.0
197,mobilevit_blocks.2.transformers.2.attn.drop_weights, 12 216 216, 12 216 216,0.0,2.14,0.0,0.0,0.0,0.0,0.00%,0.0
198,mobilevit_blocks.2.transformers.2.norm2,216  48,216  48,96.0,0.04,1990656.0,0.0,0.0,0.0,0.07%,0.0
199,mobilevit_blocks.2.unfold_proj_layer.0,216  48  64,216  48  48,3120.0,1.90,31850496.0,"46,656.0",2666688.0,1990656.0,0.07%,4657344.0
200,mobilevit_blocks.2.unfold_proj_layer.1,216  48  48,216  48  48,0.0,1.90,0.0,"497,664.0",1990656.0,1990656.0,0.05%,3981312.0
201,mobilevit_blocks.2.fold_proj_layer.0,216  48  48,216  48  64,3136.0,2.53,31850496.0,"46,656.0",2003200.0,2654208.0,0.04%,4657408.0
202,mobilevit_blocks.2.fold_proj_layer.1,216  48  64,216  48  64,0.0,2.53,0.0,"663,552.0",2654208.0,2654208.0,0.07%,5308416.0
203,mobilevit_blocks.3.local_rep.conv0.conv, 64  12  12  12, 64  12  12  12,110656.0,0.42,191102976.0,0.0,0.0,0.0,0.20%,0.0
204,mobilevit_blocks.3.local_rep.conv0.adn.A, 64  12  12  12, 64  12  12  12,0.0,0.42,0.0,"110,592.0",442368.0,442368.0,0.04%,884736.0
205,mobilevit_blocks.3.local_rep.conv0.adn.D, 64  12  12  12, 64  12  12  12,0.0,0.42,0.0,0.0,0.0,0.0,0.00%,0.0
206,mobilevit_blocks.3.local_rep.conv0.adn.N, 64  12  12  12, 64  12  12  12,0.0,0.42,221184.0,0.0,0.0,0.0,0.00%,0.0
207,mobilevit_blocks.3.local_rep.conv1.conv, 64  12  12  12, 48  12  12  12,3120.0,0.32,5308416.0,0.0,0.0,0.0,0.04%,0.0
208,mobilevit_blocks.3.local_rep.conv1.adn.A, 48  12  12  12, 48  12  12  12,0.0,0.32,0.0,"82,944.0",331776.0,331776.0,0.00%,663552.0
209,mobilevit_blocks.3.local_rep.conv1.adn.D, 48  12  12  12, 48  12  12  12,0.0,0.32,0.0,0.0,0.0,0.0,0.00%,0.0
210,mobilevit_blocks.3.local_rep.conv1.adn.N, 48  12  12  12, 48  12  12  12,0.0,0.32,165888.0,0.0,0.0,0.0,0.00%,0.0
211,mobilevit_blocks.3.conv_proj.conv, 48  12  12  12, 64  12  12  12,3136.0,0.42,5308416.0,0.0,0.0,0.0,0.04%,0.0
212,mobilevit_blocks.3.conv_proj.adn.A, 64  12  12  12, 64  12  12  12,0.0,0.42,0.0,"110,592.0",442368.0,442368.0,0.00%,884736.0
213,mobilevit_blocks.3.conv_proj.adn.D, 64  12  12  12, 64  12  12  12,0.0,0.42,0.0,0.0,0.0,0.0,0.00%,0.0
214,mobilevit_blocks.3.conv_proj.adn.N, 64  12  12  12, 64  12  12  12,0.0,0.42,221184.0,0.0,0.0,0.0,0.00%,0.0
215,mobilevit_blocks.3.fusion_layer.conv,128  12  12  12,128  12  12  12,442496.0,0.84,764411904.0,0.0,0.0,0.0,0.69%,0.0
216,mobilevit_blocks.3.fusion_layer.adn.A,128  12  12  12,128  12  12  12,0.0,0.84,0.0,"221,184.0",884736.0,884736.0,0.04%,1769472.0
217,mobilevit_blocks.3.fusion_layer.adn.D,128  12  12  12,128  12  12  12,0.0,0.84,0.0,0.0,0.0,0.0,0.00%,0.0
218,mobilevit_blocks.3.fusion_layer.adn.N,128  12  12  12,128  12  12  12,0.0,0.84,442368.0,0.0,0.0,0.0,0.04%,0.0
219,mobilevit_blocks.3.transformers.0.mlp.linear1,216  48,216 192,9408.0,0.16,95551488.0,"2,239,488.0",3796992.0,7962624.0,0.11%,11759616.0
220,mobilevit_blocks.3.transformers.0.mlp.linear2,216 192,216  48,9264.0,0.04,95551488.0,"2,239,488.0",9741312.0,1990656.0,0.06%,11731968.0
221,mobilevit_blocks.3.transformers.0.mlp.fn,216 192,216 192,0.0,0.16,0.0,0.0,0.0,0.0,0.07%,0.0
222,mobilevit_blocks.3.transformers.0.mlp.drop1,216 192,216 192,0.0,0.16,0.0,0.0,0.0,0.0,0.00%,0.0
223,mobilevit_blocks.3.transformers.0.mlp.drop2,216  48,216  48,0.0,0.04,0.0,0.0,0.0,0.0,0.00%,0.0
224,mobilevit_blocks.3.transformers.0.norm1,216  48,216  48,96.0,0.04,1990656.0,0.0,0.0,0.0,0.07%,0.0
225,mobilevit_blocks.3.transformers.0.attn.out_proj,216  48,216  48,2352.0,0.04,23887872.0,"2,239,488.0",2442240.0,1990656.0,0.06%,4432896.0
226,mobilevit_blocks.3.transformers.0.attn.qkv,216  48,216 144,6912.0,0.12,71663616.0,"2,239,488.0",3317760.0,5971968.0,0.04%,9289728.0
227,mobilevit_blocks.3.transformers.0.attn.drop_output,216  48,216  48,0.0,0.04,0.0,0.0,0.0,0.0,0.00%,0.0
228,mobilevit_blocks.3.transformers.0.attn.drop_weights, 12 216 216, 12 216 216,0.0,2.14,0.0,0.0,0.0,0.0,0.00%,0.0
229,mobilevit_blocks.3.transformers.0.norm2,216  48,216  48,96.0,0.04,1990656.0,0.0,0.0,0.0,0.07%,0.0
230,mobilevit_blocks.3.transformers.1.mlp.linear1,216  48,216 192,9408.0,0.16,95551488.0,"2,239,488.0",3796992.0,7962624.0,0.09%,11759616.0
231,mobilevit_blocks.3.transformers.1.mlp.linear2,216 192,216  48,9264.0,0.04,95551488.0,"2,239,488.0",9741312.0,1990656.0,0.07%,11731968.0
232,mobilevit_blocks.3.transformers.1.mlp.fn,216 192,216 192,0.0,0.16,0.0,0.0,0.0,0.0,0.04%,0.0
233,mobilevit_blocks.3.transformers.1.mlp.drop1,216 192,216 192,0.0,0.16,0.0,0.0,0.0,0.0,0.00%,0.0
234,mobilevit_blocks.3.transformers.1.mlp.drop2,216  48,216  48,0.0,0.04,0.0,0.0,0.0,0.0,0.00%,0.0
235,mobilevit_blocks.3.transformers.1.norm1,216  48,216  48,96.0,0.04,1990656.0,0.0,0.0,0.0,0.08%,0.0
236,mobilevit_blocks.3.transformers.1.attn.out_proj,216  48,216  48,2352.0,0.04,23887872.0,"2,239,488.0",2442240.0,1990656.0,0.04%,4432896.0
237,mobilevit_blocks.3.transformers.1.attn.qkv,216  48,216 144,6912.0,0.12,71663616.0,"2,239,488.0",3317760.0,5971968.0,0.06%,9289728.0
238,mobilevit_blocks.3.transformers.1.attn.drop_output,216  48,216  48,0.0,0.04,0.0,0.0,0.0,0.0,0.00%,0.0
239,mobilevit_blocks.3.transformers.1.attn.drop_weights, 12 216 216, 12 216 216,0.0,2.14,0.0,0.0,0.0,0.0,0.00%,0.0
240,mobilevit_blocks.3.transformers.1.norm2,216  48,216  48,96.0,0.04,1990656.0,0.0,0.0,0.0,0.07%,0.0
241,mobilevit_blocks.3.transformers.2.mlp.linear1,216  48,216 192,9408.0,0.16,95551488.0,"2,239,488.0",3796992.0,7962624.0,0.13%,11759616.0
242,mobilevit_blocks.3.transformers.2.mlp.linear2,216 192,216  48,9264.0,0.04,95551488.0,"2,239,488.0",9741312.0,1990656.0,0.09%,11731968.0
243,mobilevit_blocks.3.transformers.2.mlp.fn,216 192,216 192,0.0,0.16,0.0,0.0,0.0,0.0,0.08%,0.0
244,mobilevit_blocks.3.transformers.2.mlp.drop1,216 192,216 192,0.0,0.16,0.0,0.0,0.0,0.0,0.00%,0.0
245,mobilevit_blocks.3.transformers.2.mlp.drop2,216  48,216  48,0.0,0.04,0.0,0.0,0.0,0.0,0.00%,0.0
246,mobilevit_blocks.3.transformers.2.norm1,216  48,216  48,96.0,0.04,1990656.0,0.0,0.0,0.0,0.09%,0.0
247,mobilevit_blocks.3.transformers.2.attn.out_proj,216  48,216  48,2352.0,0.04,23887872.0,"2,239,488.0",2442240.0,1990656.0,0.04%,4432896.0
248,mobilevit_blocks.3.transformers.2.attn.qkv,216  48,216 144,6912.0,0.12,71663616.0,"2,239,488.0",3317760.0,5971968.0,0.08%,9289728.0
249,mobilevit_blocks.3.transformers.2.attn.drop_output,216  48,216  48,0.0,0.04,0.0,0.0,0.0,0.0,0.00%,0.0
250,mobilevit_blocks.3.transformers.2.attn.drop_weights, 12 216 216, 12 216 216,0.0,2.14,0.0,0.0,0.0,0.0,0.00%,0.0
251,mobilevit_blocks.3.transformers.2.norm2,216  48,216  48,96.0,0.04,1990656.0,0.0,0.0,0.0,0.12%,0.0
252,mobilevit_blocks.3.unfold_proj_layer.0,216  48   8,216  48  48,432.0,1.90,3981312.0,"46,656.0",333504.0,1990656.0,0.04%,2324160.0
253,mobilevit_blocks.3.unfold_proj_layer.1,216  48  48,216  48  48,0.0,1.90,0.0,"497,664.0",1990656.0,1990656.0,0.04%,3981312.0
254,mobilevit_blocks.3.fold_proj_layer.0,216  48  48,216  48   8,392.0,0.32,3981312.0,"46,656.0",1992224.0,331776.0,0.04%,2324000.0
255,mobilevit_blocks.3.fold_proj_layer.1,216  48   8,216  48   8,0.0,0.32,0.0,"82,944.0",331776.0,331776.0,0.00%,663552.0
256,downsample_blocks.0.conv.unit0.conv, 16  96  96  96, 16  48  48  48,6928.0,6.75,764411904.0,0.0,0.0,0.0,1.16%,0.0
257,downsample_blocks.0.conv.unit0.adn.N, 16  48  48  48, 16  48  48  48,0.0,6.75,3538944.0,0.0,0.0,0.0,0.13%,0.0
258,downsample_blocks.0.conv.unit0.adn.D, 16  48  48  48, 16  48  48  48,0.0,6.75,0.0,0.0,0.0,0.0,0.00%,0.0
259,downsample_blocks.0.conv.unit0.adn.A, 16  48  48  48, 16  48  48  48,0.0,6.75,0.0,"1,769,472.0",7077888.0,7077888.0,0.26%,14155776.0
260,downsample_blocks.0.conv.unit1.conv, 16  48  48  48, 16  48  48  48,6928.0,6.75,764411904.0,0.0,0.0,0.0,0.42%,0.0
261,downsample_blocks.0.conv.unit1.adn.N, 16  48  48  48, 16  48  48  48,0.0,6.75,3538944.0,0.0,0.0,0.0,0.11%,0.0
262,downsample_blocks.0.conv.unit1.adn.D, 16  48  48  48, 16  48  48  48,0.0,6.75,0.0,0.0,0.0,0.0,0.00%,0.0
263,downsample_blocks.0.conv.unit1.adn.A, 16  48  48  48, 16  48  48  48,0.0,6.75,0.0,"1,769,472.0",7077888.0,7077888.0,0.18%,14155776.0
264,downsample_blocks.0.residual, 16  96  96  96, 16  48  48  48,6928.0,6.75,764411904.0,0.0,0.0,0.0,1.15%,0.0
265,downsample_blocks.1.conv.unit0.conv, 32  48  48  48, 32  24  24  24,27680.0,1.69,382205952.0,0.0,0.0,0.0,0.43%,0.0
266,downsample_blocks.1.conv.unit0.adn.N, 32  24  24  24, 32  24  24  24,0.0,1.69,884736.0,0.0,0.0,0.0,0.04%,0.0
267,downsample_blocks.1.conv.unit0.adn.D, 32  24  24  24, 32  24  24  24,0.0,1.69,0.0,0.0,0.0,0.0,0.00%,0.0
268,downsample_blocks.1.conv.unit0.adn.A, 32  24  24  24, 32  24  24  24,0.0,1.69,0.0,"442,368.0",1769472.0,1769472.0,0.07%,3538944.0
269,downsample_blocks.1.conv.unit1.conv, 32  24  24  24, 32  24  24  24,27680.0,1.69,382205952.0,0.0,0.0,0.0,0.75%,0.0
270,downsample_blocks.1.conv.unit1.adn.N, 32  24  24  24, 32  24  24  24,0.0,1.69,884736.0,0.0,0.0,0.0,0.04%,0.0
271,downsample_blocks.1.conv.unit1.adn.D, 32  24  24  24, 32  24  24  24,0.0,1.69,0.0,0.0,0.0,0.0,0.00%,0.0
272,downsample_blocks.1.conv.unit1.adn.A, 32  24  24  24, 32  24  24  24,0.0,1.69,0.0,"442,368.0",1769472.0,1769472.0,0.07%,3538944.0
273,downsample_blocks.1.residual, 32  48  48  48, 32  24  24  24,27680.0,1.69,382205952.0,0.0,0.0,0.0,0.41%,0.0
274,downsample_blocks.2.conv.unit0.conv, 64  24  24  24, 64  12  12  12,110656.0,0.42,191102976.0,0.0,0.0,0.0,0.09%,0.0
275,downsample_blocks.2.conv.unit0.adn.N, 64  12  12  12, 64  12  12  12,0.0,0.42,221184.0,0.0,0.0,0.0,0.00%,0.0
276,downsample_blocks.2.conv.unit0.adn.D, 64  12  12  12, 64  12  12  12,0.0,0.42,0.0,0.0,0.0,0.0,0.00%,0.0
277,downsample_blocks.2.conv.unit0.adn.A, 64  12  12  12, 64  12  12  12,0.0,0.42,0.0,"110,592.0",442368.0,442368.0,0.04%,884736.0
278,downsample_blocks.2.conv.unit1.conv, 64  12  12  12, 64  12  12  12,110656.0,0.42,191102976.0,0.0,0.0,0.0,0.17%,0.0
279,downsample_blocks.2.conv.unit1.adn.N, 64  12  12  12, 64  12  12  12,0.0,0.42,221184.0,0.0,0.0,0.0,0.00%,0.0
280,downsample_blocks.2.conv.unit1.adn.D, 64  12  12  12, 64  12  12  12,0.0,0.42,0.0,0.0,0.0,0.0,0.00%,0.0
281,downsample_blocks.2.conv.unit1.adn.A, 64  12  12  12, 64  12  12  12,0.0,0.42,0.0,"110,592.0",442368.0,442368.0,0.03%,884736.0
282,downsample_blocks.2.residual, 64  24  24  24, 64  12  12  12,110656.0,0.42,191102976.0,0.0,0.0,0.0,0.11%,0.0
283,decoder3.transp_conv.conv,128  12  12  12, 64  24  24  24,65536.0,3.38,905969664.0,0.0,0.0,0.0,0.29%,0.0
284,decoder3.conv_block.conv1.conv,128  24  24  24, 64  24  24  24,221184.0,3.38,3057647616.0,0.0,0.0,0.0,1.11%,0.0
285,decoder3.conv_block.conv2.conv, 64  24  24  24, 64  24  24  24,110592.0,3.38,1528823808.0,0.0,0.0,0.0,0.59%,0.0
286,decoder3.conv_block.conv3.conv,128  24  24  24, 64  24  24  24,8192.0,3.38,113246208.0,0.0,0.0,0.0,0.19%,0.0
287,decoder3.conv_block.lrelu, 64  24  24  24, 64  24  24  24,0.0,3.38,0.0,"884,736.0",3538944.0,3538944.0,0.11%,7077888.0
288,decoder3.conv_block.norm1, 64  24  24  24, 64  24  24  24,0.0,3.38,1769472.0,0.0,0.0,0.0,0.05%,0.0
289,decoder3.conv_block.norm2, 64  24  24  24, 64  24  24  24,0.0,3.38,1769472.0,0.0,0.0,0.0,0.04%,0.0
290,decoder3.conv_block.norm3, 64  24  24  24, 64  24  24  24,0.0,3.38,1769472.0,0.0,0.0,0.0,0.05%,0.0
291,decoder2.transp_conv.conv, 64  24  24  24, 32  48  48  48,16384.0,13.50,1811939328.0,0.0,0.0,0.0,1.15%,0.0
292,decoder2.conv_block.conv1.conv, 64  48  48  48, 32  48  48  48,55296.0,13.50,6115295232.0,0.0,0.0,0.0,2.35%,0.0
293,decoder2.conv_block.conv2.conv, 32  48  48  48, 32  48  48  48,27648.0,13.50,3057647616.0,0.0,0.0,0.0,1.26%,0.0
294,decoder2.conv_block.conv3.conv, 64  48  48  48, 32  48  48  48,2048.0,13.50,226492416.0,0.0,0.0,0.0,0.79%,0.0
295,decoder2.conv_block.lrelu, 32  48  48  48, 32  48  48  48,0.0,13.50,0.0,"3,538,944.0",14155776.0,14155776.0,0.40%,28311552.0
296,decoder2.conv_block.norm1, 32  48  48  48, 32  48  48  48,0.0,13.50,7077888.0,0.0,0.0,0.0,0.21%,0.0
297,decoder2.conv_block.norm2, 32  48  48  48, 32  48  48  48,0.0,13.50,7077888.0,0.0,0.0,0.0,0.22%,0.0
298,decoder2.conv_block.norm3, 32  48  48  48, 32  48  48  48,0.0,13.50,7077888.0,0.0,0.0,0.0,0.21%,0.0
299,decoder1.transp_conv.conv, 32  48  48  48, 16  96  96  96,4096.0,54.00,3623878656.0,0.0,0.0,0.0,3.88%,0.0
300,decoder1.conv_block.conv1.conv, 32  96  96  96, 16  96  96  96,13824.0,54.00,12230590464.0,0.0,0.0,0.0,6.28%,0.0
301,decoder1.conv_block.conv2.conv, 16  96  96  96, 16  96  96  96,6912.0,54.00,6115295232.0,0.0,0.0,0.0,3.75%,0.0
302,decoder1.conv_block.conv3.conv, 32  96  96  96, 16  96  96  96,512.0,54.00,452984832.0,0.0,0.0,0.0,3.70%,0.0
303,decoder1.conv_block.lrelu, 16  96  96  96, 16  96  96  96,0.0,54.00,0.0,"14,155,776.0",56623104.0,56623104.0,1.67%,113246208.0
304,decoder1.conv_block.norm1, 16  96  96  96, 16  96  96  96,0.0,54.00,28311552.0,0.0,0.0,0.0,0.91%,0.0
305,decoder1.conv_block.norm2, 16  96  96  96, 16  96  96  96,0.0,54.00,28311552.0,0.0,0.0,0.0,1.01%,0.0
306,decoder1.conv_block.norm3, 16  96  96  96, 16  96  96  96,0.0,54.00,28311552.0,0.0,0.0,0.0,0.99%,0.0
307,out.conv.conv, 16  96  96  96, 14  96  96  96,238.0,47.25,198180864.0,0.0,0.0,0.0,2.37%,0.0
total, , , ,2546759.0,2422.35,"5,213,376.0","267,287,040.0",0.0,0.0,100.00%,2127837216.0
308,,,,0.0,,0,,,,,
